{
  "tools": {
    "axe": {
      "name": "Axe",
      "icon": "minecraft:diamond_axe",
      "toollist": [
        "appliedenergistics2:certus_quartz_axe",
        "appliedenergistics2:item.ToolCertusQuartzAxe",
        "appliedenergistics2:item.ToolNetherQuartzAxe",
        "appliedenergistics2:nether_quartz_axe",
        "draconicevolution:draconic_axe",
        "draconicevolution:wyvern_axe",
        "embers:axe_aluminum",
        "embers:axe_bronze",
        "embers:axe_clockwork",
        "embers:axe_copper",
        "embers:axe_dawnstone",
        "embers:axe_electrum",
        "embers:axe_lead",
        "embers:axe_nickel",
        "embers:axe_silver",
        "embers:axe_tin",
        "minecraft:diamond_axe",
        "minecraft:golden_axe",
        "minecraft:iron_axe",
        "minecraft:stone_axe",
        "minecraft:wooden_axe",
        "psi:psimetal_axe",
        "tconstruct:hatchet"
      ],
      "blocklist": [
        "harvestcraft:pamcinnamon/0",
        "harvestcraft:pammaple/0",
        "harvestcraft:pampaperbark/0",
        "minecraft:fence",
        "minecraft:leaves",
        "minecraft:leaves2",
        "minecraft:log",
        "minecraft:log2",
        "rustic:leaves/0",
        "rustic:leaves/1",
        "rustic:leaves_apple/0",
        "rustic:log/0",
        "rustic:log/1",
        "tconstruct:slime_leaves",
        "twilightforest:dark_leaves",
        "twilightforest:magic_leaves",
        "twilightforest:magic_log",
        "twilightforest:twilight_leaves",
        "twilightforest:twilight_leaves_3",
        "twilightforest:twilight_log"
      ]
    },
    "hoe": {
      "name": "Hoe",
      "icon": "minecraft:diamond_hoe",
      "toollist": [
        "appliedenergistics2:certus_quartz_hoe",
        "appliedenergistics2:item.ToolCertusQuartzHoe",
        "appliedenergistics2:item.ToolNetherQuartzHoe",
        "appliedenergistics2:nether_quartz_hoe",
        "draconicevolution:draconic_hoe",
        "embers:hoe_aluminum",
        "embers:hoe_bronze",
        "embers:hoe_copper",
        "embers:hoe_dawnstone",
        "embers:hoe_electrum",
        "embers:hoe_lead",
        "embers:hoe_nickel",
        "embers:hoe_silver",
        "embers:hoe_tin",
        "minecraft:diamond_hoe",
        "minecraft:golden_hoe",
        "minecraft:iron_hoe",
        "minecraft:stone_hoe",
        "minecraft:wooden_hoe",
        "tconstruct:mattock"
      ],
      "blocklist": [
        "minecraft:carrots",
        "minecraft:melon_block",
        "minecraft:potatoes",
        "minecraft:pumpkin",
        "minecraft:wheat"
      ]
    },
    "pickaxe": {
      "name": "Pickaxe",
      "icon": "minecraft:diamond_pickaxe",
      "toollist": [
        "appliedenergistics2:certus_quartz_pickaxe",
        "appliedenergistics2:item.ToolCertusQuartzPickaxe",
        "appliedenergistics2:item.ToolNetherQuartzPickaxe",
        "appliedenergistics2:nether_quartz_pickaxe",
        "draconicevolution:draconic_pick",
        "draconicevolution:wyvern_pick",
        "embers:auto_hammer",
        "embers:grandhammer",
        "embers:pickaxe_aluminum",
        "embers:pickaxe_bronze",
        "embers:pickaxe_clockwork",
        "embers:pickaxe_copper",
        "embers:pickaxe_dawnstone",
        "embers:pickaxe_electrum",
        "embers:pickaxe_lead",
        "embers:pickaxe_nickel",
        "embers:pickaxe_silver",
        "embers:pickaxe_tin",
        "embers:tinker_hammer",
        "minecraft:diamond_pickaxe",
        "minecraft:golden_pickaxe",
        "minecraft:iron_pickaxe",
        "minecraft:stone_pickaxe",
        "minecraft:wooden_pickaxe",
        "psi:psimetal_pickaxe",
        "tconstruct:pickaxe"
      ],
      "blocklist": [
        "appliedenergistics2:charged_quartz_ore/0",
        "appliedenergistics2:quartz_ore/0",
        "draconicevolution:draconium_ore/0",
        "draconicevolution:draconium_ore/1",
        "draconicevolution:draconium_ore/2",
        "embers:ore_aluminum/0",
        "embers:ore_copper/0",
        "embers:ore_lead/0",
        "embers:ore_nickel/0",
        "embers:ore_quartz/0",
        "embers:ore_silver/0",
        "embers:ore_tin/0",
        "howlingmoon:ore_silver/0",
        "iceandfire:sapphire_ore/0",
        "iceandfire:silver_ore/0",
        "lucraftcore:ore_copper/0",
        "lucraftcore:ore_dwarf_star_alloy/0",
        "lucraftcore:ore_iridium/0",
        "lucraftcore:ore_lead/0",
        "lucraftcore:ore_nickel/0",
        "lucraftcore:ore_osmium/0",
        "lucraftcore:ore_palladium/0",
        "lucraftcore:ore_silver/0",
        "lucraftcore:ore_tin/0",
        "lucraftcore:ore_titanium/0",
        "lucraftcore:ore_uranium/0",
        "lucraftcore:ore_uru/0",
        "lucraftcore:ore_vibranium/0",
        "minecraft:coal_ore",
        "minecraft:cobblestone_wall",
        "minecraft:diamond_ore",
        "minecraft:emerald_ore",
        "minecraft:glowstone",
        "minecraft:gold_ore",
        "minecraft:iron_ore",
        "minecraft:lapis_ore",
        "minecraft:lit_redstone_ore",
        "minecraft:mossy_cobblestone",
        "minecraft:nether_brick_fence",
        "minecraft:obsidian",
        "minecraft:quartz_ore",
        "minecraft:redstone_ore",
        "tconstruct:ore/0",
        "tconstruct:ore/1"
      ]
    },
    "shears": {
      "name": "Shears",
      "icon": "minecraft:shears",
      "toollist": [
        "minecraft:shears"
      ],
      "blocklist": [
        "minecraft:deadbush",
        "minecraft:leaves",
        "minecraft:leaves2",
        "minecraft:tallgrass",
        "minecraft:vine",
        "minecraft:web",
        "minecraft:wool",
        "rustic:leaves/0",
        "rustic:leaves/1",
        "rustic:leaves_apple/0",
        "tconstruct:slime_leaves",
        "twilightforest:dark_leaves",
        "twilightforest:magic_leaves",
        "twilightforest:twilight_leaves",
        "twilightforest:twilight_leaves_3"
      ]
    },
    "shovel": {
      "name": "Shovel",
      "icon": "minecraft:diamond_shovel",
      "toollist": [
        "appliedenergistics2:item.ToolCertusQuartzSpade",
        "appliedenergistics2:item.ToolNetherQuartzSpade",
        "draconicevolution:draconic_shovel",
        "draconicevolution:wyvern_shovel",
        "embers:shovel_aluminum",
        "embers:shovel_bronze",
        "embers:shovel_copper",
        "embers:shovel_dawnstone",
        "embers:shovel_electrum",
        "embers:shovel_lead",
        "embers:shovel_nickel",
        "embers:shovel_silver",
        "embers:shovel_tin",
        "minecraft:diamond_shovel",
        "minecraft:golden_shovel",
        "minecraft:iron_shovel",
        "minecraft:stone_shovel",
        "minecraft:wooden_shovel",
        "psi:psimetal_shovel",
        "tconstruct:mattock",
        "tconstruct:shovel"
      ],
      "blocklist": [
        "minecraft:clay",
        "minecraft:gravel"
      ]
    }
  }
}