{
  "tools": {
    "axe": {
      "name": "Axe",
      "icon": "minecraft:diamond_axe",
      "toollist": [
        "IC2:itemToolBronzeAxe",
        "IC2:itemToolChainsaw",
        "appliedenergistics2:certus_quartz_axe",
        "appliedenergistics2:item.ToolCertusQuartzAxe",
        "appliedenergistics2:item.ToolNetherQuartzAxe",
        "appliedenergistics2:nether_quartz_axe",
        "draconicevolution:draconic_axe",
        "draconicevolution:wyvern_axe",
        "embers:axe_aluminum",
        "embers:axe_bronze",
        "embers:axe_clockwork",
        "embers:axe_copper",
        "embers:axe_dawnstone",
        "embers:axe_electrum",
        "embers:axe_lead",
        "embers:axe_nickel",
        "embers:axe_silver",
        "embers:axe_tin",
        "minecraft:diamond_axe",
        "minecraft:golden_axe",
        "minecraft:iron_axe",
        "minecraft:stone_axe",
        "minecraft:wooden_axe",
        "psi:psimetal_axe",
        "tconstruct:hatchet",
        "thermalfoundation:tool.axe_aluminum",
        "thermalfoundation:tool.axe_bronze",
        "thermalfoundation:tool.axe_constantan",
        "thermalfoundation:tool.axe_copper",
        "thermalfoundation:tool.axe_electrum",
        "thermalfoundation:tool.axe_invar",
        "thermalfoundation:tool.axe_lead",
        "thermalfoundation:tool.axe_nickel",
        "thermalfoundation:tool.axe_platinum",
        "thermalfoundation:tool.axe_silver",
        "thermalfoundation:tool.axe_steel",
        "thermalfoundation:tool.axe_tin"
      ],
      "blocklist": [
        "aoa3:achony_leaves/0",
        "aoa3:achony_log/0",
        "aoa3:blood_leaves/0",
        "aoa3:blood_log/0",
        "aoa3:blue_celevus_leaves/0",
        "aoa3:blue_haven_leaves/0",
        "aoa3:bright_shyre_leaves/0",
        "aoa3:churry_leaves/0",
        "aoa3:churry_log/0",
        "aoa3:creep_leaves/0",
        "aoa3:creep_log/0",
        "aoa3:cycade_leaves/0",
        "aoa3:cycade_log/0",
        "aoa3:dawn_leaves/0",
        "aoa3:dawn_log/0",
        "aoa3:eyeball_log/0",
        "aoa3:green_celevus_leaves/0",
        "aoa3:haunted_eye_log/0",
        "aoa3:haunted_eyes_leaves/0",
        "aoa3:haunted_eyes_log/0",
        "aoa3:haunted_flashing_log/0",
        "aoa3:haunted_leaves/0",
        "aoa3:haunted_log/0",
        "aoa3:haunted_purpling_log/0",
        "aoa3:iro_log/0",
        "aoa3:irodust_leaves/0",
        "aoa3:irogold_leaves/0",
        "aoa3:lelyetian_leaves/0",
        "aoa3:lucalus_leaves/0",
        "aoa3:lucalus_log/0",
        "aoa3:lunicia_leaves/0",
        "aoa3:lunide_log/0",
        "aoa3:lunosso_leaves/0",
        "aoa3:pink_haven_leaves/0",
        "aoa3:purple_celevus_leaves/0",
        "aoa3:purple_haven_leaves/0",
        "aoa3:red_celevus_leaves/0",
        "aoa3:red_haven_leaves/0",
        "aoa3:runic_leaves/0",
        "aoa3:runic_log/0",
        "aoa3:shadow_leaves/0",
        "aoa3:shadow_log/0",
        "aoa3:shadowblood_leaves/0",
        "aoa3:shyre_leaves/0",
        "aoa3:shyre_log/0",
        "aoa3:stranglewood_leaves/0",
        "aoa3:stranglewood_log/0",
        "aoa3:toxic_log/0",
        "aoa3:turquoise_haven_leaves/0",
        "aoa3:vein_leaves/0",
        "aoa3:white_celevus_leaves/0",
        "aoa3:yellow_celevus_leaves/0",
        "aoa3:yellow_haven_leaves/0",
        "harvestcraft:pamcinnamon/0",
        "harvestcraft:pammaple/0",
        "harvestcraft:pampaperbark/0",
        "ic2:leaves",
        "minecraft:fence",
        "minecraft:leaves",
        "minecraft:leaves2",
        "minecraft:log",
        "minecraft:log2",
        "rustic:leaves/0",
        "rustic:leaves/1",
        "rustic:leaves_apple/0",
        "rustic:log/0",
        "rustic:log/1",
        "tconstruct:slime_leaves",
        "twilightforest:dark_leaves",
        "twilightforest:magic_leaves",
        "twilightforest:magic_log",
        "twilightforest:twilight_leaves",
        "twilightforest:twilight_leaves_3",
        "twilightforest:twilight_log"
      ]
    },
    "hoe": {
      "name": "Hoe",
      "icon": "minecraft:diamond_hoe",
      "toollist": [
        "IC2:itemToolBronzeHoe",
        "appliedenergistics2:certus_quartz_hoe",
        "appliedenergistics2:item.ToolCertusQuartzHoe",
        "appliedenergistics2:item.ToolNetherQuartzHoe",
        "appliedenergistics2:nether_quartz_hoe",
        "draconicevolution:draconic_hoe",
        "embers:hoe_aluminum",
        "embers:hoe_bronze",
        "embers:hoe_copper",
        "embers:hoe_dawnstone",
        "embers:hoe_electrum",
        "embers:hoe_lead",
        "embers:hoe_nickel",
        "embers:hoe_silver",
        "embers:hoe_tin",
        "minecraft:diamond_hoe",
        "minecraft:golden_hoe",
        "minecraft:iron_hoe",
        "minecraft:stone_hoe",
        "minecraft:wooden_hoe",
        "tconstruct:mattock",
        "thermalfoundation:tool.hoe_aluminum",
        "thermalfoundation:tool.hoe_bronze",
        "thermalfoundation:tool.hoe_constantan",
        "thermalfoundation:tool.hoe_copper",
        "thermalfoundation:tool.hoe_electrum",
        "thermalfoundation:tool.hoe_invar",
        "thermalfoundation:tool.hoe_lead",
        "thermalfoundation:tool.hoe_nickel",
        "thermalfoundation:tool.hoe_platinum",
        "thermalfoundation:tool.hoe_silver",
        "thermalfoundation:tool.hoe_steel",
        "thermalfoundation:tool.hoe_tin",
        "thermalfoundation:tool.sickle_aluminum",
        "thermalfoundation:tool.sickle_bronze",
        "thermalfoundation:tool.sickle_constantan",
        "thermalfoundation:tool.sickle_copper",
        "thermalfoundation:tool.sickle_diamond",
        "thermalfoundation:tool.sickle_electrum",
        "thermalfoundation:tool.sickle_gold",
        "thermalfoundation:tool.sickle_invar",
        "thermalfoundation:tool.sickle_iron",
        "thermalfoundation:tool.sickle_lead",
        "thermalfoundation:tool.sickle_nickel",
        "thermalfoundation:tool.sickle_platinum",
        "thermalfoundation:tool.sickle_silver",
        "thermalfoundation:tool.sickle_steel",
        "thermalfoundation:tool.sickle_stone",
        "thermalfoundation:tool.sickle_tin",
        "thermalfoundation:tool.sickle_wood"
      ],
      "blocklist": [
        "minecraft:carrots",
        "minecraft:melon_block",
        "minecraft:potatoes",
        "minecraft:pumpkin",
        "minecraft:wheat"
      ]
    },
    "pickaxe": {
      "name": "Pickaxe",
      "icon": "minecraft:diamond_pickaxe",
      "toollist": [
        "IC2:itemToolBronzePickaxe",
        "IC2:itemToolDDrill",
        "IC2:itemToolDrill",
        "IC2:itemToolIridiumDrill",
        "appliedenergistics2:certus_quartz_pickaxe",
        "appliedenergistics2:item.ToolCertusQuartzPickaxe",
        "appliedenergistics2:item.ToolNetherQuartzPickaxe",
        "appliedenergistics2:nether_quartz_pickaxe",
        "draconicevolution:draconic_pick",
        "draconicevolution:wyvern_pick",
        "embers:auto_hammer",
        "embers:grandhammer",
        "embers:pickaxe_aluminum",
        "embers:pickaxe_bronze",
        "embers:pickaxe_clockwork",
        "embers:pickaxe_copper",
        "embers:pickaxe_dawnstone",
        "embers:pickaxe_electrum",
        "embers:pickaxe_lead",
        "embers:pickaxe_nickel",
        "embers:pickaxe_silver",
        "embers:pickaxe_tin",
        "embers:tinker_hammer",
        "minecraft:diamond_pickaxe",
        "minecraft:golden_pickaxe",
        "minecraft:iron_pickaxe",
        "minecraft:stone_pickaxe",
        "minecraft:wooden_pickaxe",
        "psi:psimetal_pickaxe",
        "tconstruct:pickaxe",
        "thermalfoundation:tool.hammer_aluminum",
        "thermalfoundation:tool.hammer_bronze",
        "thermalfoundation:tool.hammer_constantan",
        "thermalfoundation:tool.hammer_copper",
        "thermalfoundation:tool.hammer_diamond",
        "thermalfoundation:tool.hammer_electrum",
        "thermalfoundation:tool.hammer_gold",
        "thermalfoundation:tool.hammer_invar",
        "thermalfoundation:tool.hammer_iron",
        "thermalfoundation:tool.hammer_lead",
        "thermalfoundation:tool.hammer_nickel",
        "thermalfoundation:tool.hammer_platinum",
        "thermalfoundation:tool.hammer_silver",
        "thermalfoundation:tool.hammer_steel",
        "thermalfoundation:tool.hammer_stone",
        "thermalfoundation:tool.hammer_tin",
        "thermalfoundation:tool.hammer_wood",
        "thermalfoundation:tool.pickaxe_aluminum",
        "thermalfoundation:tool.pickaxe_bronze",
        "thermalfoundation:tool.pickaxe_constantan",
        "thermalfoundation:tool.pickaxe_copper",
        "thermalfoundation:tool.pickaxe_electrum",
        "thermalfoundation:tool.pickaxe_invar",
        "thermalfoundation:tool.pickaxe_lead",
        "thermalfoundation:tool.pickaxe_nickel",
        "thermalfoundation:tool.pickaxe_platinum",
        "thermalfoundation:tool.pickaxe_silver",
        "thermalfoundation:tool.pickaxe_steel",
        "thermalfoundation:tool.pickaxe_tin"
      ],
      "blocklist": [
        "aoa3:amethyst_ore/0",
        "aoa3:baronyte_ore/0",
        "aoa3:blazium_ore/0",
        "aoa3:bloodstone_ore/0",
        "aoa3:blue_crystal_ore/0",
        "aoa3:charged_runium_ore/0",
        "aoa3:chestbone_fragments_ore/0",
        "aoa3:crystallite_ore/0",
        "aoa3:elecanium_ore/0",
        "aoa3:emberstone_ore/0",
        "aoa3:footbone_fragments_ore/0",
        "aoa3:gemenyte_ore/0",
        "aoa3:ghastly_ore/0",
        "aoa3:ghoulish_ore/0",
        "aoa3:green_crystal_ore/0",
        "aoa3:jade_ore/0",
        "aoa3:jewelyte_ore/0",
        "aoa3:legbone_fragments_ore/0",
        "aoa3:limonite_ore/0",
        "aoa3:lyon_ore/0",
        "aoa3:mystite_ore/0",
        "aoa3:ornamyte_ore/0",
        "aoa3:purple_crystal_ore/0",
        "aoa3:red_crystal_ore/0",
        "aoa3:rosite_ore/0",
        "aoa3:runium_ore/0",
        "aoa3:sapphire_ore/0",
        "aoa3:shyregem_ore/0",
        "aoa3:shyrestone_ore/0",
        "aoa3:skullbone_fragments_ore/0",
        "aoa3:varsium_ore/0",
        "aoa3:white_crystal_ore/0",
        "aoa3:yellow_crystal_ore/0",
        "appliedenergistics2:charged_quartz_ore/0",
        "appliedenergistics2:quartz_ore/0",
        "draconicevolution:draconium_ore/0",
        "draconicevolution:draconium_ore/1",
        "draconicevolution:draconium_ore/2",
        "embers:ore_aluminum/0",
        "embers:ore_copper/0",
        "embers:ore_lead/0",
        "embers:ore_nickel/0",
        "embers:ore_quartz/0",
        "embers:ore_silver/0",
        "embers:ore_tin/0",
        "howlingmoon:ore_silver/0",
        "ic2:resource/1",
        "ic2:resource/2",
        "ic2:resource/3",
        "ic2:resource/4",
        "iceandfire:sapphire_ore/0",
        "iceandfire:silver_ore/0",
        "lucraftcore:ore_copper/0",
        "lucraftcore:ore_dwarf_star_alloy/0",
        "lucraftcore:ore_iridium/0",
        "lucraftcore:ore_lead/0",
        "lucraftcore:ore_nickel/0",
        "lucraftcore:ore_osmium/0",
        "lucraftcore:ore_palladium/0",
        "lucraftcore:ore_silver/0",
        "lucraftcore:ore_tin/0",
        "lucraftcore:ore_titanium/0",
        "lucraftcore:ore_uranium/0",
        "lucraftcore:ore_uru/0",
        "lucraftcore:ore_vibranium/0",
        "matteroverdrive:dilithium_ore/0",
        "matteroverdrive:tritanium_ore/0",
        "minecraft:coal_ore",
        "minecraft:cobblestone_wall",
        "minecraft:diamond_ore",
        "minecraft:emerald_ore",
        "minecraft:glowstone",
        "minecraft:gold_ore",
        "minecraft:iron_ore",
        "minecraft:lapis_ore",
        "minecraft:lit_redstone_ore",
        "minecraft:mossy_cobblestone",
        "minecraft:nether_brick_fence",
        "minecraft:obsidian",
        "minecraft:quartz_ore",
        "minecraft:redstone_ore",
        "tconstruct:ore/0",
        "tconstruct:ore/1",
        "thermalfoundation:ore/0",
        "thermalfoundation:ore/1",
        "thermalfoundation:ore/2",
        "thermalfoundation:ore/3",
        "thermalfoundation:ore/4",
        "thermalfoundation:ore/5",
        "thermalfoundation:ore/6",
        "thermalfoundation:ore/7",
        "thermalfoundation:ore/8",
        "thermalfoundation:ore_fluid/0",
        "thermalfoundation:ore_fluid/1",
        "thermalfoundation:ore_fluid/2",
        "thermalfoundation:ore_fluid/3",
        "thermalfoundation:ore_fluid/4",
        "thermalfoundation:ore_fluid/5"
      ]
    },
    "shears": {
      "name": "Shears",
      "icon": "minecraft:shears",
      "toollist": [
        "IC2:itemToolBronzeHoe",
        "minecraft:shears",
        "thermalfoundation:tool.shears_aluminum",
        "thermalfoundation:tool.shears_bronze",
        "thermalfoundation:tool.shears_constantan",
        "thermalfoundation:tool.shears_copper",
        "thermalfoundation:tool.shears_diamond",
        "thermalfoundation:tool.shears_electrum",
        "thermalfoundation:tool.shears_gold",
        "thermalfoundation:tool.shears_invar",
        "thermalfoundation:tool.shears_lead",
        "thermalfoundation:tool.shears_nickel",
        "thermalfoundation:tool.shears_platinum",
        "thermalfoundation:tool.shears_silver",
        "thermalfoundation:tool.shears_steel",
        "thermalfoundation:tool.shears_stone",
        "thermalfoundation:tool.shears_tin",
        "thermalfoundation:tool.shears_wood"
      ],
      "blocklist": [
        "aoa3:achony_leaves/0",
        "aoa3:blood_leaves/0",
        "aoa3:blue_celevus_leaves/0",
        "aoa3:blue_haven_leaves/0",
        "aoa3:bright_shyre_leaves/0",
        "aoa3:churry_leaves/0",
        "aoa3:creep_leaves/0",
        "aoa3:cycade_leaves/0",
        "aoa3:dawn_leaves/0",
        "aoa3:green_celevus_leaves/0",
        "aoa3:haunted_eyes_leaves/0",
        "aoa3:haunted_leaves/0",
        "aoa3:irodust_leaves/0",
        "aoa3:irogold_leaves/0",
        "aoa3:lelyetian_leaves/0",
        "aoa3:lucalus_leaves/0",
        "aoa3:lunicia_leaves/0",
        "aoa3:lunosso_leaves/0",
        "aoa3:pink_haven_leaves/0",
        "aoa3:purple_celevus_leaves/0",
        "aoa3:purple_haven_leaves/0",
        "aoa3:red_celevus_leaves/0",
        "aoa3:red_haven_leaves/0",
        "aoa3:runic_leaves/0",
        "aoa3:shadow_leaves/0",
        "aoa3:shadowblood_leaves/0",
        "aoa3:shyre_leaves/0",
        "aoa3:stranglewood_leaves/0",
        "aoa3:turquoise_haven_leaves/0",
        "aoa3:vein_leaves/0",
        "aoa3:white_celevus_leaves/0",
        "aoa3:yellow_celevus_leaves/0",
        "aoa3:yellow_haven_leaves/0",
        "ic2:leaves",
        "minecraft:deadbush",
        "minecraft:leaves",
        "minecraft:leaves2",
        "minecraft:tallgrass",
        "minecraft:vine",
        "minecraft:web",
        "minecraft:wool",
        "rustic:leaves/0",
        "rustic:leaves/1",
        "rustic:leaves_apple/0",
        "tconstruct:slime_leaves",
        "twilightforest:dark_leaves",
        "twilightforest:magic_leaves",
        "twilightforest:twilight_leaves",
        "twilightforest:twilight_leaves_3"
      ]
    },
    "shovel": {
      "name": "Shovel",
      "icon": "minecraft:diamond_shovel",
      "toollist": [
        "IC2:itemToolBronzeSpade",
        "appliedenergistics2:item.ToolCertusQuartzSpade",
        "appliedenergistics2:item.ToolNetherQuartzSpade",
        "draconicevolution:draconic_shovel",
        "draconicevolution:wyvern_shovel",
        "embers:shovel_aluminum",
        "embers:shovel_bronze",
        "embers:shovel_copper",
        "embers:shovel_dawnstone",
        "embers:shovel_electrum",
        "embers:shovel_lead",
        "embers:shovel_nickel",
        "embers:shovel_silver",
        "embers:shovel_tin",
        "minecraft:diamond_shovel",
        "minecraft:golden_shovel",
        "minecraft:iron_shovel",
        "minecraft:stone_shovel",
        "minecraft:wooden_shovel",
        "psi:psimetal_shovel",
        "tconstruct:mattock",
        "tconstruct:shovel",
        "thermalfoundation:tool.shovel_aluminum",
        "thermalfoundation:tool.shovel_bronze",
        "thermalfoundation:tool.shovel_constantan",
        "thermalfoundation:tool.shovel_copper",
        "thermalfoundation:tool.shovel_electrum",
        "thermalfoundation:tool.shovel_invar",
        "thermalfoundation:tool.shovel_lead",
        "thermalfoundation:tool.shovel_nickel",
        "thermalfoundation:tool.shovel_platinum",
        "thermalfoundation:tool.shovel_silver",
        "thermalfoundation:tool.shovel_steel",
        "thermalfoundation:tool.shovel_tin"
      ],
      "blocklist": [
        "minecraft:clay",
        "minecraft:gravel"
      ]
    }
  }
}